Name,*,Boro,2015,2016,2017,2018,2019,2020,2019-2020 Change,,2020 Rank
"138 St-Grand Concourse (4,5)",1,Bx,"3,480","3,532","3,486","3,166","3,324","1,211","-2,113",-63.6%,380
"149 St-Grand Concourse (2,4,5)",,Bx,"14,465","14,460","14,063","13,081","12,960","5,814","-7,146",-55.1%,95
"161 St-Yankee Stadium (B,D,4)",,Bx,"27,020","26,947","26,674","26,034","25,642","10,112","-15,530",-60.6%,41
167 St (4),,Bx,"9,923","9,972","9,466","9,398","8,486","4,357","-4,129",-48.7%,145
"167 St (B,D)",2,Bx,"10,166","10,439","10,223","6,342","8,542","4,405","-4,137",-48.4%,139
170 St (4),,Bx,"9,507","9,514","8,910","8,140","7,926","3,983","-3,943",-49.7%,162
"170 St (B,D)",,Bx,"7,101","7,225","7,089","7,913","6,767","3,127","-3,640",-53.8%,209
"174 St (2,5)",,Bx,"7,619","7,690","7,466","6,751","6,644","3,051","-3,594",-54.1%,214
"174-175 Sts (B,D)",3,Bx,"5,312","5,519","5,475","3,221","4,869","2,496","-2,372",-48.7%,259
176 St (4),,Bx,"6,160","6,378","6,232","5,807","5,518","2,762","-2,756",-49.9%,233
"182-183 Sts (B,D)",,Bx,"5,020","5,177","4,990","4,752","4,773","2,377","-2,396",-50.2%,270
183 St (4),,Bx,"6,372","6,443","6,271","5,754","5,641","2,944","-2,697",-47.8%,222
"219 St (2,5)",,Bx,"3,529","3,423","3,439","3,335","3,232","1,478","-1,754",-54.3%,352
"225 St (2,5)",,Bx,"4,591","4,408","4,340","3,961","3,898","1,774","-2,124",-54.5%,325
231 St (1),,Bx,"9,596","9,749","9,774","10,287","9,658","4,184","-5,475",-56.7%,154
"233 St (2,5)",,Bx,"5,632","5,438","5,138","4,864","4,768","2,348","-2,420",-50.7%,273
238 St (1),4,Bx,"4,068","4,350","4,370","3,225","3,998","1,908","-2,091",-52.3%,313
3 Av-138 St (6),,Bx,"7,994","8,008","8,114","7,801","8,100","4,005","-4,095",-50.6%,161
"3 Av-149 St (2,5)",,Bx,"24,813","24,808","24,228","22,357","22,167","10,187","-11,979",-54.0%,38
"Allerton Av (2,5)",,Bx,"5,779","5,530","5,403","5,144","5,161","2,443","-2,718",-52.7%,264
Baychester Av (5),,Bx,"4,090","4,064","3,846","3,551","3,789","1,666","-2,123",-56.0%,336
"Bedford Park Blvd (B,D)",,Bx,"7,046","7,236","7,066","6,419","6,911","3,099","-3,812",-55.2%,210
Bedford Park Blvd-Lehman College (4),,Bx,"6,040","5,912","5,649","5,170","5,066","2,206","-2,860",-56.5%,289
"Bronx Park East (2,5)",,Bx,"2,868","2,785","2,676","2,498","2,526","1,166","-1,361",-53.9%,384
Brook Av (6),,Bx,"6,244","6,226","6,118","6,040","5,917","3,009","-2,909",-49.2%,217
Buhre Av (6),5,Bx,"2,237","3,568","3,701","3,744","3,898","1,730","-2,168",-55.6%,330
"Burke Av (2,5)",,Bx,"3,644","3,550","3,466","3,234","3,250","1,561","-1,689",-52.0%,344
Burnside Av (4),,Bx,"11,551","11,479","11,079","10,231","9,964","4,629","-5,335",-53.5%,131
Castle Hill Av (6),,Bx,"7,174","6,895","6,756","6,483","6,435","3,037","-3,398",-52.8%,215
Cypress Av (6),,Bx,"3,974","4,099","3,972","3,651","3,462","1,649","-1,813",-52.4%,338
East 143 St-St Mary's St (6),,Bx,989,"1,043",953,"1,019","1,085",567,-517,-47.7%,415
East 149 St (6),,Bx,"4,647","4,861","4,899","4,842","4,821","2,515","-2,306",-47.8%,256
"East 180 St (2,5)",,Bx,"7,587","7,697","7,691","7,175","7,089","3,479","-3,609",-50.9%,182
Eastchester-Dyre Av (5),,Bx,"4,845","4,769","4,647","4,506","4,672","2,168","-2,503",-53.6%,293
Elder Av (6),,Bx,"6,543","6,642","6,605","6,323","6,371","3,278","-3,093",-48.6%,199
Fordham Rd (4),,Bx,"11,982","11,957","11,503","10,395","9,796","4,857","-4,939",-50.4%,123
"Fordham Rd (B,D)",,Bx,"12,145","12,208","12,054","11,361","11,587","5,349","-6,238",-53.8%,108
"Freeman St (2,5)",,Bx,"4,899","5,055","4,984","4,451","4,387","2,048","-2,339",-53.3%,301
"Gun Hill Rd (2,5)",,Bx,"7,790","7,714","7,639","6,930","7,022","3,214","-3,808",-54.2%,205
Gun Hill Rd (5),6,Bx,"5,880","5,886","5,654","5,362","4,287","1,549","-2,738",-63.9%,347
Hunts Point Av (6),,Bx,"10,484","10,651","10,646","10,460","10,510","5,271","-5,239",-49.9%,109
"Intervale Av (2,5)",,Bx,"3,472","3,423","3,377","3,130","3,140","1,521","-1,619",-51.6%,350
"Jackson Av (2,5)",,Bx,"5,705","5,752","5,766","5,288","5,167","2,375","-2,792",-54.0%,271
Kingsbridge Rd (4),,Bx,"10,107","9,998","9,783","8,992","8,849","4,277","-4,571",-51.7%,148
"Kingsbridge Rd (B,D)",,Bx,"8,006","8,144","8,237","7,922","7,957","3,754","-4,203",-52.8%,177
Longwood Av (6),7,Bx,"3,482","3,517","3,518","3,395","3,168","1,267","-1,902",-60.0%,377
Middletown Rd (6),,Bx,"2,726","2,066","2,102","2,036","2,061",873,"-1,188",-57.6%,404
Morris Park (5),,Bx,"2,319","2,487","2,527","2,417","2,520","1,104","-1,416",-56.2%,390
Morrison Av-Soundview (6),,Bx,"6,628","6,755","6,742","6,361","6,341","3,173","-3,168",-50.0%,207
Mosholu Pkwy (4),,Bx,"9,252","9,135","8,770","8,195","8,074","4,070","-4,004",-49.6%,158
Mt Eden Av (4),,Bx,"5,817","5,770","5,512","5,337","5,009","2,625","-2,384",-47.6%,244
"Nereid Av (2,5)",,Bx,"3,817","3,753","3,631","3,437","3,394","1,558","-1,836",-54.1%,345
Norwood-205 St (D),,Bx,"8,640","8,897","8,751","8,429","8,544","4,174","-4,369",-51.1%,155
Parkchester (6),,Bx,"16,572","16,561","16,310","15,660","15,427","7,028","-8,399",-54.4%,72
Pelham Bay Park (6),,Bx,"7,432","7,213","7,185","7,001","7,020","3,094","-3,926",-55.9%,211
"Pelham Pkwy (2,5)",,Bx,"9,774","9,441","9,173","8,472","8,463","3,915","-4,547",-53.7%,167
Pelham Pkwy (5),,Bx,"3,303","3,332","3,237","3,083","3,225","1,427","-1,797",-55.7%,363
"Prospect Av (2,5)",,Bx,"7,908","8,004","7,704","7,038","6,936","3,258","-3,677",-53.0%,200
"Simpson St (2,5)",,Bx,"9,981","9,680","9,446","8,477","8,257","3,914","-4,343",-52.6%,168
St Lawrence Av (6),,Bx,"4,185","4,187","4,196","4,040","4,077","2,002","-2,075",-50.9%,306
"Tremont Av (B,D)",,Bx,"9,980","10,246","10,055","10,398","9,769","4,543","-5,226",-53.5%,133
Van Cortlandt Park-242 St (1),,Bx,"7,338","7,431","7,396","7,742","7,330","3,215","-4,115",-56.1%,204
Wakefield-241 St (2),,Bx,"5,186","5,213","5,129","4,763","4,538","2,284","-2,254",-49.7%,277
"West Farms Sq-East Tremont Av (2,5)",,Bx,"8,010","7,848","7,657","6,866","6,741","3,006","-3,735",-55.4%,218
Westchester Sq-East Tremont Av (6),,Bx,"6,912","6,635","6,479","6,097","6,113","2,770","-3,342",-54.7%,231
Whitlock Av (6),,Bx,"1,737","1,830","1,905","1,894","1,907",977,-930,-48.8%,398
Woodlawn (4),,Bx,"7,637","7,623","7,260","6,937","6,680","3,031","-3,648",-54.6%,216
Zerega Av (6),8,Bx,"1,647","2,629","2,664","2,629","2,676","1,188","-1,489",-55.6%,381
"15 St-Prospect Park (F,G)",,B,"6,385","6,342","6,272","6,136","6,324","2,133","-4,190",-66.3%,295
18 Av (D),,B,"6,242","6,413","6,196","6,136","6,218","2,703","-3,515",-56.5%,237
18 Av (F),,B,"4,458","4,440","4,318","3,947","3,667","1,750","-1,917",-52.3%,327
18 Av (N),9,B,"5,502","2,266","3,107","3,097","3,681","2,089","-1,593",-43.3%,297
20 Av (D),,B,"5,115","5,268","5,009","4,905","5,037","2,216","-2,821",-56.0%,287
20 Av (N),10,B,"4,223","1,348","2,139","3,514","3,692","1,551","-2,142",-58.0%,346
25 Av (D),,B,"4,886","6,507","5,790","5,083","4,877","1,940","-2,937",-60.2%,311
25 St (R),,B,"3,847","3,788","4,547","3,755","3,738","1,618","-2,120",-56.7%,340
"36 St (D,N,R)",,B,"12,810","13,180","13,894","13,493","13,342","6,008","-7,334",-55.0%,88
"4 Av (F,G)/9 St (R)",,B,"13,126","13,116","13,962","12,560","12,563","4,785","-7,778",-61.9%,125
45 St (R),,B,"7,265","7,055","7,877","7,205","7,755","3,371","-4,384",-56.5%,190
50 St (D),,B,"3,220","3,336","3,236","3,195","3,246","1,722","-1,524",-46.9%,331
53 St (R),11,B,"7,458","7,386","3,788","7,565","8,812","4,286","-4,526",-51.4%,147
55 St (D),,B,"2,002","2,223","2,106","2,185","2,141","1,095","-1,046",-48.8%,391
"59 St (N,R)",,B,"13,048","13,144","16,759","12,301","11,240","5,158","-6,082",-54.1%,116
"7 Av (B,Q)",,B,"9,641","9,731","10,270","10,210","10,209","3,282","-6,927",-67.9%,197
"7 Av (F,G)",,B,"12,049","11,897","11,801","11,636","11,880","4,224","-7,656",-64.4%,152
71 St (D),,B,"4,802","6,501","5,905","5,607","5,499","2,280","-3,219",-58.5%,278
77 St (R),,B,"5,608","5,720","6,746","5,612","5,595","2,265","-3,330",-59.5%,282
79 St (D),,B,"6,755","6,973","6,565","6,177","6,225","2,605","-3,620",-58.2%,247
8 Av (N),,B,"11,430","14,201","12,514","11,474","11,608","4,296","-7,312",-63.0%,146
86 St (N),12,B,"2,718","1,298","1,534","1,928","2,224","1,095","-1,130",-50.8%,392
86 St (R),,B,"11,963","12,078","11,742","11,338","11,233","4,890","-6,343",-56.5%,121
9 Av (D),,B,"5,856","5,867","5,471","5,344","5,406","2,522","-2,884",-53.3%,255
Alabama Av (J),,B,"2,520","2,585","2,424","2,147","2,089","1,068","-1,020",-48.9%,394
Atlantic Av (L),13,B,"1,384","1,455","1,821","1,842","1,593",772,-821,-51.5%,408
"Atlantic Av-Barclays Ctr (B,D,N,Q,R,2,3,4,5)",,B,"42,231","42,711","42,095","43,211","43,498","16,599","-26,899",-61.8%,16
Avenue H (Q),,B,"2,994","3,183","3,329","3,418","3,354","1,282","-2,072",-61.8%,375
Avenue I (F),14,B,"2,235","1,962","1,111","1,096","1,988",922,"-1,065",-53.6%,403
Avenue J (Q),,B,"6,009","6,136","6,154","6,058","5,826","2,565","-3,261",-56.0%,251
Avenue M (Q),,B,"5,869","6,052","6,094","6,001","5,678","2,503","-3,176",-55.9%,258
Avenue N (F),15,B,"3,410","3,187","2,217","2,087","2,961","1,389","-1,573",-53.1%,365
Avenue P (F),16,B,"2,804","2,688","1,821","1,710","2,463","1,165","-1,298",-52.7%,385
Avenue U (F),17,B,"2,439","2,578","1,276","1,042","1,838",863,-975,-53.1%,405
Avenue U (N),18,B,"3,894","1,399","2,285","2,627","3,156","1,530","-1,627",-51.5%,348
Avenue U (Q),,B,"6,975","7,384","7,391","7,323","7,262","3,077","-4,185",-57.6%,212
Avenue X (F),19,B,"1,928","2,424","2,508","2,662","2,530","1,173","-1,356",-53.6%,383
Bay 50 St (D),,B,"2,872","3,176","2,926","2,674","2,662","1,117","-1,546",-58.1%,388
Bay Pkwy (D),,B,"7,501","8,069","7,837","7,719","7,723","3,419","-4,304",-55.7%,185
Bay Pkwy (F),20,B,"1,491","1,329",729,623,"1,193",576,-617,-51.7%,414
Bay Pkwy (N),,B,"7,164","10,955","9,328","7,261","6,565","2,881","-3,684",-56.1%,225
Bay Ridge Av (R),21,B,"8,379","8,415","4,173","7,236","7,677","3,243","-4,434",-57.8%,203
Bay Ridge-95 St (R),,B,"6,101","6,090","5,969","5,812","5,847","2,418","-3,429",-58.6%,266
Bedford Av (L),,B,"27,132","27,486","27,783","26,603","25,158","8,679","-16,478",-65.5%,52
Bedford-Nostrand Avs (G),,B,"8,197","8,487","8,741","8,821","8,866","3,289","-5,577",-62.9%,195
"Bergen St (2,3)",,B,"3,823","3,884","3,853","3,653","3,857","1,326","-2,531",-65.6%,369
"Bergen St (F,G)",,B,"11,548","11,529","11,306","11,174","11,310","3,865","-7,444",-65.8%,173
Beverley Rd (Q),,B,"2,894","3,059","3,267","3,350","3,410","1,435","-1,975",-57.9%,360
"Beverly Rd (2,5)",,B,"4,457","4,464","4,384","4,255","4,277","1,947","-2,330",-54.5%,310
"Brighton Beach (B,Q)",,B,"12,794","13,035","12,587","12,065","11,841","5,192","-6,648",-56.1%,113
Broadway (G),,B,"4,011","4,340","4,452","4,467","4,639","2,210","-2,428",-52.4%,288
"Broadway Junction (A,C,J,L,Z)",,B,"9,251","9,189","8,681","8,142","7,813","3,787","-4,026",-51.5%,176
Bushwick Av-Aberdeen St (L),,B,"1,874","2,105","2,112","2,079","2,015",948,"-1,067",-53.0%,401
Canarsie-Rockaway Pkwy (L),,B,"13,481","13,131","12,661","11,947","11,060","4,376","-6,685",-60.4%,143
"Carroll St (F,G)",,B,"11,923","11,848","11,723","11,562","11,814","4,068","-7,746",-65.6%,159
Central Av (M),22,B,"3,715","3,884","1,929","2,393","4,473","1,813","-2,659",-59.5%,321
"Chauncey St (J,Z)",,B,"3,200","3,360","3,408","3,387","3,246","1,436","-1,810",-55.8%,359
"Church Av (2,5)",,B,"9,864","9,808","9,512","9,193","9,556","4,270","-5,286",-55.3%,150
"Church Av (B,Q)",,B,"17,811","17,482","17,186","16,528","16,251","7,029","-9,222",-56.7%,70
"Church Av (F,G)",23,B,"10,490","10,151","9,697","9,492","9,395","4,145","-5,250",-55.9%,156
"Clark St (2,3)",,B,"5,922","5,903","5,635","5,275","5,590","1,741","-3,849",-68.9%,329
Classon Av (G),,B,"4,966","4,996","5,106","5,301","5,453","2,070","-3,383",-62.0%,299
Cleveland St (J),,B,"3,514","3,483","3,270","2,975","2,935","1,381","-1,555",-53.0%,366
Clinton-Washington Avs (C),,B,"6,603","6,932","7,130","7,068","7,139","2,341","-4,798",-67.2%,274
Clinton-Washington Avs (G),,B,"5,364","5,312","5,083","5,025","5,208","1,810","-3,398",-65.2%,322
"Coney Island-Stillwell Av (D,F,N,Q)",,B,"14,073","14,098","13,542","13,203","12,819","5,496","-7,323",-57.1%,104
Cortelyou Rd (Q),,B,"6,220","6,332","6,348","6,276","6,319","2,624","-3,695",-58.5%,245
"Court St (R)/Borough Hall (2,3,4,5)",,B,"38,559","38,089","36,762","35,599","34,939","11,425","-23,515",-67.3%,31
"Crescent St (J,Z)",,B,"5,073","5,053","4,842","4,539","4,463","2,138","-2,325",-52.1%,294
"Crown Heights-Utica Av (3,4)",,B,"28,146","29,069","28,980","25,336","25,331","11,675","-13,656",-53.9%,29
Cypress Hills (J),,B,"1,456","1,501","1,501","1,457","1,474",715,-759,-51.5%,409
"DeKalb Av (B,Q,R)",,B,"17,889","18,774","21,230","22,069","22,000","7,782","-14,218",-64.6%,63
DeKalb Av (L),,B,"12,158","12,307","13,050","12,638","11,214","5,017","-6,197",-55.3%,120
Ditmas Av (F),24,B,"3,386","3,524","3,849","3,904","3,947","1,900","-2,047",-51.9%,314
East 105 St (L),,B,"4,002","4,070","3,999","3,798","3,367","1,605","-1,762",-52.3%,341
"Eastern Pkwy-Brooklyn Museum (2,3)",,B,"4,915","4,719","4,592","4,637","4,036","1,292","-2,744",-68.0%,373
"Euclid Av (A,C)",,B,"11,014","10,870","10,751","10,191","10,119","4,771","-5,347",-52.8%,126
"Flatbush Av-Brooklyn College (2,5)",,B,"21,666","21,268","20,691","19,763","19,572","7,894","-11,679",-59.7%,60
Flushing Av (G),,B,"2,819","2,857","2,866","2,949","2,466","1,330","-1,136",-46.1%,368
"Flushing Av (J,M)",,B,"9,483","9,347","8,952","8,336","8,623","3,939","-4,685",-54.3%,165
Fort Hamilton Pkwy (D),,B,"4,260","4,420","4,162","3,936","3,983","2,008","-1,975",-49.6%,305
"Fort Hamilton Pkwy (F,G)",,B,"5,783","6,044","5,893","5,807","5,877","2,015","-3,862",-65.7%,304
Fort Hamilton Pkwy (N),25,B,"6,964","1,771","3,196","3,232","4,468","2,469","-1,999",-44.7%,262
"Franklin Av (2,3,4,5)/Botanic Garden (S)",,B,"15,866","15,834","15,269","14,581","15,412","5,743","-9,668",-62.7%,96
"Franklin Av (C,S)",,B,"6,468","6,289","6,333","6,358","6,234","2,391","-3,844",-61.6%,268
Fulton St (G),,B,"4,954","5,096","5,364","5,462","5,416","2,235","-3,181",-58.7%,284
"Gates Av (J,Z)",,B,"6,521","6,602","7,110","7,255","7,095","2,951","-4,144",-58.4%,221
Graham Av (L),,B,"10,504","10,483","10,536","9,959","9,346","3,434","-5,913",-63.3%,183
"Grand Army Plaza (2,3)",,B,"7,731","7,735","7,452","7,188","7,349","2,504","-4,844",-65.9%,257
Grand St (L),,B,"7,307","6,977","7,317","6,964","6,409","2,708","-3,701",-57.7%,236
Grant Av (A),,B,"6,696","7,044","6,318","5,896","5,710","2,586","-3,124",-54.7%,249
Greenpoint Av (G),,B,"9,191","9,413","9,648","9,509","10,006","4,113","-5,893",-58.9%,157
Halsey St (J),,B,"6,410","6,490","6,616","6,579","6,522","2,645","-3,877",-59.4%,243
Halsey St (L),,B,"7,932","8,426","8,781","8,386","7,391","3,279","-4,112",-55.6%,198
"Hewes St (J,M)",,B,"2,992","2,866","2,861","2,782","3,281","1,401","-1,880",-57.3%,364
"High St (A,C)",,B,"8,479","8,701","9,215","10,281","10,776","3,136","-7,640",-70.9%,208
"Hoyt St (2,3)",,B,"7,342","7,615","7,637","6,938","7,467","2,765","-4,702",-63.0%,232
"Hoyt-Schermerhorn Sts (A,C,G)",,B,"9,818","9,894","10,319","10,540","11,238","4,401","-6,837",-60.8%,140
"Jay St-MetroTech (A,C,F,R)",,B,"43,456","44,267","43,833","42,274","41,455","13,385","-28,070",-67.7%,23
Jefferson St (L),,B,"7,565","7,639","7,807","7,674","7,221","2,879","-4,341",-60.1%,226
Junius St (3),26,B,"3,043","2,230",970,"2,080","2,216","1,093","-1,123",-50.7%,393
"Kings Hwy (B,Q)",,B,"19,500","20,094","19,975","19,569","19,745","8,454","-11,291",-57.2%,55
Kings Hwy (F),,B,"3,726","4,637","5,186","4,567","3,724","1,708","-2,015",-54.1%,334
Kings Hwy (N),27,B,"5,482","1,489","2,891","3,328","4,363","2,115","-2,248",-51.5%,296
Kingston Av (3),,B,"4,999","4,977","4,703","4,623","4,697","1,958","-2,739",-58.3%,309
Kingston-Throop Avs (C),,B,"6,210","6,350","6,564","6,585","6,643","2,473","-4,169",-62.8%,260
Knickerbocker Av (M),28,B,"4,104","4,228","2,077","2,446","4,522","1,978","-2,544",-56.3%,308
Kosciuszko St (J),,B,"4,927","5,118","6,143","6,144","5,562","2,220","-3,343",-60.1%,286
Lafayette Av (C),,B,"4,849","4,888","4,843","4,889","4,928","1,860","-3,068",-62.3%,319
Liberty Av (C),,B,"2,780","3,020","2,933","2,754","2,749","1,238","-1,511",-55.0%,378
Livonia Av (L),,B,"3,269","3,418","3,264","3,209","2,831","1,467","-1,364",-48.2%,353
"Lorimer St (J,M)",,B,"5,070","5,138","5,161","4,837","5,216","2,170","-3,046",-58.4%,292
Lorimer St (L)/Metropolitan Av (G),,B,"15,131","15,082","14,752","14,299","13,985","5,150","-8,836",-63.2%,117
"Marcy Av (J,M,Z)",,B,"13,276","13,815","13,377","13,315","14,255","5,628","-8,627",-60.5%,99
Montrose Av (L),,B,"7,025","7,007","7,021","6,884","6,515","2,661","-3,854",-59.2%,240
Morgan Av (L),,B,"7,221","7,592","7,769","7,510","6,944","2,732","-4,213",-60.7%,235
"Myrtle Av (J,M,Z)",,B,"11,424","11,801","13,222","12,122","11,970","4,821","-7,149",-59.7%,124
Myrtle-Willoughby Avs (G),,B,"5,783","5,889","5,743","5,736","5,919","2,473","-3,446",-58.2%,261
"Myrtle-Wyckoff Avs (L,M)",,B,"19,490","19,673","22,434","21,241","18,735","8,404","-10,331",-55.1%,56
Nassau Av (G),,B,"9,066","9,150","9,105","9,312","9,841","3,691","-6,150",-62.5%,178
Neck Rd (Q),,B,"4,207","4,354","4,441","4,405","4,401","1,834","-2,568",-58.3%,320
Neptune Av (F),,B,"1,807","1,742","1,658","1,516","1,456",652,-804,-55.2%,413
"Nevins St (2,3,4,5)",,B,"10,896","10,716","10,699","10,426","10,205","3,824","-6,381",-62.5%,174
New Lots Av (3),,B,"7,133","6,855","6,087","5,573","5,454","2,554","-2,900",-53.2%,252
New Lots Av (L),,B,"5,244","5,431","5,290","4,869","4,168","2,020","-2,148",-51.5%,303
New Utrecht Av (N)/62 St (D),29,B,"5,551","5,602","5,217","4,673","4,736","2,264","-2,472",-52.2%,283
"Newkirk Av (2,5)",,B,"8,035","7,840","7,600","7,312","7,182","3,286","-3,896",-54.3%,196
"Newkirk Plaza (B,Q)",,B,"10,864","10,842","10,728","10,534","10,514","4,380","-6,134",-58.3%,142
"Norwood Av (J,Z)",,B,"3,639","3,613","3,437","3,190","3,156","1,447","-1,709",-54.1%,356
Nostrand Av (3),,B,"4,306","4,239","4,066","3,907","4,195","1,568","-2,627",-62.6%,343
"Nostrand Av (A,C)",,B,"17,790","18,231","18,035","17,437","17,352","6,687","-10,665",-61.5%,77
Ocean Pkwy (Q),,B,"3,203","3,211","3,251","3,199","3,242","1,434","-1,808",-55.8%,361
Park Pl (S),,B,"1,922","1,850","1,818","1,725","1,676",682,-994,-59.3%,411
Parkside Av (Q),,B,"5,266","5,524","5,898","6,050","6,173","2,652","-3,521",-57.0%,242
Pennsylvania Av (3),30,B,"6,997","2,485","3,503","4,331","4,493","2,087","-2,406",-53.5%,298
"President St (2,5)",,B,"4,120","4,114","4,113","4,019","3,558","1,444","-2,114",-59.4%,357
Prospect Av (R),31,B,"5,896","5,842","3,199","5,523","5,967","2,222","-3,746",-62.8%,285
"Prospect Park (B,Q,S)",,B,"10,033","9,995","10,234","10,059","10,152","3,902","-6,251",-61.6%,170
Ralph Av (C),,B,"5,796","5,801","5,936","5,768","5,730","2,525","-3,205",-55.9%,254
Rockaway Av (3),32,B,"1,690","5,122","5,642","4,747","4,780","2,294","-2,486",-52.0%,276
Rockaway Av (C),,B,"5,443","5,678","5,715","5,667","5,653","2,434","-3,219",-56.9%,265
Saratoga Av (3),33,B,"8,148","4,006","5,777","5,246","5,238","2,547","-2,691",-51.4%,253
"Sheepshead Bay (B,Q)",,B,"14,304","14,477","14,311","13,946","13,908","5,830","-8,078",-58.1%,94
Shepherd Av (C),,B,"3,370","3,393","3,337","3,182","3,153","1,436","-1,716",-54.4%,358
"Smith-9 Sts (F,G)",,B,"5,084","4,861","4,714","4,689","4,553","1,921","-2,632",-57.8%,312
"Sterling St (2,5)",,B,"5,802","5,806","5,795","5,684","5,468","2,371","-3,097",-56.6%,272
Sutter Av (L),,B,"4,727","4,688","4,471","4,029","3,446","1,583","-1,863",-54.1%,342
Sutter Av-Rutland Rd (3),34,B,"8,031","6,785","3,449","6,657","6,724","3,178","-3,546",-52.7%,206
Union St (R),,B,"6,599","6,512","6,395","6,835","7,375","2,582","-4,793",-65.0%,250
"Utica Av (A,C)",,B,"15,674","16,060","16,408","16,121","15,957","6,473","-9,484",-59.4%,81
Van Siclen Av (3),35,B,989,"4,194","3,660","2,904","2,833","1,314","-1,519",-53.6%,371
Van Siclen Av (C),,B,"3,202","3,224","3,259","3,021","2,920","1,378","-1,542",-52.8%,367
"Van Siclen Av (J,Z)",,B,"3,004","3,067","2,900","2,678","2,614","1,315","-1,299",-49.7%,370
"West 8 St-New York Aquarium (F,Q)",,B,"2,397","2,421","2,404","2,469","2,471","1,013","-1,458",-59.0%,395
Wilson Av (L),36,B,"4,437","3,812","4,564","4,468","4,292","1,868","-2,424",-56.5%,317
"Winthrop St (2,5)",,B,"7,541","7,272","7,317","7,262","6,499","3,244","-3,255",-50.1%,202
York St (F),,B,"9,328","10,246","10,373","11,032","12,638","4,055","-8,583",-67.9%,160
1 Av (L),,M,"23,789","23,195","21,823","20,998","18,393","6,992","-11,401",-62.0%,74
103 St (1),,M,"13,309","13,246","12,818","12,569","12,005","4,488","-7,517",-62.6%,138
103 St (6),37,M,"13,057","13,994","14,337","13,285","13,218","5,955","-7,263",-54.9%,91
"103 St (B,C)",,M,"4,800","4,776","4,674","5,444","4,724","1,805","-2,919",-61.8%,323
110 St (6),,M,"13,409","13,341","11,932","10,851","10,580","4,647","-5,933",-56.1%,130
"116 St (2,3)",,M,"12,196","12,090","11,553","10,707","10,592","4,246","-6,345",-59.9%,151
116 St (6),,M,"16,702","16,707","15,899","14,715","14,394","6,366","-8,028",-55.8%,84
"116 St (B,C)",,M,"7,215","7,417","7,232","7,613","7,249","2,822","-4,427",-61.1%,228
116 St-Columbia University (1),,M,"16,132","15,861","15,263","15,079","14,777","4,277","-10,500",-71.1%,149
125 St (1),,M,"7,991","7,794","7,584","7,679","7,599","2,973","-4,626",-60.9%,219
"125 St (2,3)",,M,"15,986","15,719","15,692","14,746","14,703","5,644","-9,059",-61.6%,98
"125 St (4,5,6)",,M,"30,277","30,024","29,065","27,605","27,231","11,469","-15,763",-57.9%,30
"125 St (A,B,C,D)",,M,"29,062","29,423","28,680","27,677","28,267","11,888","-16,379",-57.9%,28
"135 St (2,3)",,M,"15,598","15,446","15,023","14,343","13,799","5,856","-7,943",-57.6%,93
"135 St (B,C)",,M,"5,575","5,785","5,770","5,490","5,657","2,173","-3,483",-61.6%,290
137 St-City College (1),,M,"14,798","14,460","14,049","13,371","12,464","5,073","-7,391",-59.3%,119
"14 St (A,C,E)/8 Av (L)",,M,"45,253","44,680","43,434","44,031","44,370","13,887","-30,483",-68.7%,21
"14 St (F,M,1,2,3)/6 Av (L)",,M,"50,335","50,692","48,565","48,508","46,363","15,417","-30,946",-66.7%,18
"14 St-Union Sq (L,N,Q,R,W,4,5,6)",,M,"108,440","106,718","107,141","103,572","101,832","33,624","-68,207",-67.0%,4
145 St (1),,M,"10,112","10,039","9,863","9,433","9,219","3,981","-5,238",-56.8%,163
145 St (3),38,M,"3,664","3,590","3,540","2,105","3,193","1,428","-1,764",-55.3%,362
"145 St (A,B,C,D)",,M,"24,307","24,604","23,932","23,047","22,937","9,415","-13,522",-59.0%,45
"155 St (B,D)",,M,"4,038","4,052","3,804","3,595","3,556","1,711","-1,845",-51.9%,333
155 St (C),,M,"2,596","2,733","2,715","3,168","2,732","1,119","-1,612",-59.0%,387
157 St (1),,M,"10,918","10,928","10,802","11,036","12,042","4,515","-7,527",-62.5%,136
163 St-Amsterdam Av (C),39,M,"4,340","4,513","4,436","1,711","4,289","1,898","-2,391",-55.7%,315
"168 St (A,C,1)",40,M,"25,845","25,879","25,589","26,138","20,079","10,386","-9,693",-48.3%,35
175 St (A),,M,"13,224","13,377","13,217","12,580","13,144","5,203","-7,941",-60.4%,111
18 St (1),,M,"8,800","8,903","8,680","8,860","8,843","2,615","-6,228",-70.4%,246
181 St (1),41,M,"11,850","11,578","11,693","11,342","11,311","5,469","-5,842",-51.6%,105
181 St (A),,M,"11,237","11,294","10,981","10,760","10,542","4,216","-6,326",-60.0%,153
190 St (A),,M,"4,683","4,748","4,719","4,574","4,805","1,751","-3,054",-63.6%,326
191 St (1),42,M,"8,619","8,545","8,419","8,032","7,525","1,463","-6,062",-80.6%,354
2 Av (F),,M,"17,355","17,059","16,675","15,995","16,703","5,524","-11,179",-66.9%,102
207 St (1),,M,"6,514","6,562","6,524","6,349","5,890","2,811","-3,079",-52.3%,229
215 St (1),,M,"2,012","2,001","1,988","1,787","1,718",681,"-1,037",-60.4%,412
23 St (1),,M,"15,451","15,062","14,763","15,470","14,824","4,861","-9,963",-67.2%,122
23 St (6),,M,"29,972","29,452","28,479","31,597","30,031","9,104","-20,927",-69.7%,49
"23 St (C,E)",,M,"25,731","24,569","24,161","24,397","23,890","7,820","-16,070",-67.3%,62
"23 St (F,M)",43,M,"30,652","31,078","30,758","18,416","28,776","9,987","-18,789",-65.3%,44
"23 St (R,W)",,M,"25,973","26,693","25,007","26,381","23,398","6,557","-16,841",-72.0%,79
28 St (1),,M,"15,620","15,253","14,740","14,797","15,083","4,520","-10,563",-70.0%,135
28 St (6),44,M,"24,470","24,130","23,081","12,019","19,766","7,449","-12,317",-62.3%,67
"28 St (R,W)",,M,"13,271","13,680","13,256","14,302","13,144","3,877","-9,267",-70.5%,171
3 Av (L),,M,"7,140","7,179","6,934","6,749","5,725","2,387","-3,338",-58.3%,269
33 St (6),,M,"32,809","32,153","30,040","32,608","30,368","10,326","-20,042",-66.0%,36
"34 St-Herald Sq (B,D,F,M,N,Q,R,W)",,M,"126,776","125,682","127,664","126,576","125,498","40,615","-84,884",-67.6%,3
34 St-Hudson Yards (7),,M,"2,064","8,507","10,082","10,789","18,875","6,590","-12,285",-65.1%,78
"34 St-Penn Station (1,2,3)",,M,"92,176","90,524","85,585","85,180","84,975","25,861","-59,114",-69.6%,7
"34 St-Penn Station (A,C,E)",,M,"84,778","82,584","78,904","80,346","82,855","26,148","-56,707",-68.4%,6
"42 St-Bryant Pk (B,D,F,M)/5 Av (7)",,M,"55,400","57,793","57,395","55,872","58,339","18,077","-40,261",-69.0%,15
"47-50 Sts-Rockefeller Center (B,D,F,M)",,M,"63,803","62,283","61,478","61,027","63,609","19,902","-43,707",-68.7%,13
"49 St (N,R,W)",,M,"25,459","27,077","26,519","25,911","23,854","6,287","-17,567",-73.6%,87
"5 Av-53 St (E,M)",,M,"26,955","26,566","25,746","27,612","27,934","7,693","-20,242",-72.5%,65
"5 Av-59 St (N,R,W)",,M,"18,957","18,637","16,871","16,638","15,854","5,229","-10,625",-67.0%,110
50 St (1),,M,"26,927","26,362","25,932","26,268","26,712","7,018","-19,694",-73.7%,73
"50 St (C,E)",,M,"20,828","20,921","20,502","19,757","21,223","6,370","-14,853",-70.0%,83
57 St (F),45,M,"15,725","15,768","15,154","7,638","14,254","4,585","-9,668",-67.8%,132
"57 St-7 Av (N,Q,R,W)",,M,"29,976","30,311","35,390","37,870","35,078","10,983","-24,095",-68.7%,33
"59 St-Columbus Circle (A,B,C,D,1)",,M,"73,954","73,836","73,105","73,003","72,959","23,848","-49,111",-67.3%,8
66 St-Lincoln Center (1),,M,"24,631","24,064","22,918","22,890","22,949","6,800","-16,150",-70.4%,76
68 St-Hunter College (6),,M,"35,640","35,068","24,456","22,757","23,430","8,641","-14,788",-63.1%,53
"7 Av (B,D,E)",,M,"17,356","17,538","17,334","17,947","18,475","5,195","-13,280",-71.9%,112
"72 St (1,2,3)",,M,"40,506","40,450","38,957","39,477","38,061","13,667","-24,394",-64.1%,22
"72 St (B,C)",46,M,"9,443","9,448","8,803","4,472","8,651","2,925","-5,726",-66.2%,223
72 St (Q),,M,,,"28,145","30,253","31,585","12,496","-19,088",-60.4%,26
77 St (6),,M,"36,797","36,103","27,584","25,369","25,996","10,574","-15,422",-59.3%,34
79 St (1),,M,"16,865","16,372","15,698","15,175","14,918","5,183","-9,735",-65.3%,114
"8 St-New York University (R,W)",,M,"17,902","18,305","16,994","17,192","16,870","4,703","-12,168",-72.1%,128
"81 St-Museum of Natural History (B,C)",,M,"14,129","14,140","13,313","15,383","13,420","3,873","-9,547",-71.1%,172
86 St (1),,M,"20,145","19,757","18,882","19,325","18,221","6,520","-11,701",-64.2%,80
"86 St (4,5,6)",,M,"65,948","64,793","45,882","43,169","43,282","16,528","-26,755",-61.8%,17
"86 St (B,C)",47,M,"11,594","11,809","10,681","6,007","10,652","3,910","-6,742",-63.3%,169
86 St (Q),,M,,,"23,722","25,455","26,307","9,083","-17,224",-65.5%,50
"96 St (1,2,3)",,M,"39,434","38,859","37,043","36,026","35,617","13,247","-22,370",-62.8%,25
96 St (6),,M,"28,060","26,939","18,983","17,447","17,432","7,437","-9,996",-57.3%,68
"96 St (B,C)",,M,"10,365","10,425","9,733","9,924","10,059","3,938","-6,121",-60.8%,166
96 St (Q),,M,,,"17,150","19,318","19,704","7,525","-12,179",-61.8%,66
Astor Place (6),,M,"17,274","16,806","16,377","16,031","17,180","5,161","-12,019",-70.0%,115
"Bowery (J,Z)",,M,"3,325","3,504","3,715","3,738","3,842","1,284","-2,558",-66.6%,374
"Bowling Green (4,5)",,M,"31,556","31,522","29,395","28,646","28,664","8,623","-20,041",-69.9%,54
"Broad St (J,Z)",,M,"6,865","7,279","7,130","7,050","7,710","2,453","-5,257",-68.2%,263
"Broadway-Lafayette St (B,D,F,M)/Bleecker St (6)",,M,"39,724","39,058","37,986","36,493","38,527","12,349","-26,179",-67.9%,27
"Brooklyn Bridge-City Hall (4,5,6)/Chambers St (J,Z)",,M,"35,858","34,352","31,804","30,932","30,961","9,217","-21,744",-70.2%,47
Canal St (1),,M,"6,275","6,116","5,996","6,410","6,830","1,866","-4,965",-72.7%,318
"Canal St (A,C,E)",,M,"20,103","19,660","19,789","20,424","21,206","6,407","-14,799",-69.8%,82
"Canal St (J,N,Q,R,W,Z,6)",,M,"44,409","45,030","47,601","47,034","47,629","14,626","-33,003",-69.3%,19
Cathedral Pkwy-110 St (1),,M,"13,444","12,926","12,394","12,526","11,826","4,380","-7,445",-63.0%,141
"Cathedral Pkwy-110 St (B,C)",48,M,"7,490","7,553","7,523","3,785","7,382","2,919","-4,463",-60.5%,224
"Central Park North-110 St (2,3)",,M,"9,865","9,855","9,233","8,815","8,470","3,257","-5,214",-61.6%,201
"Chambers St (1,2,3)",,M,"23,997","23,574","22,419","21,303","20,613","5,990","-14,622",-70.9%,90
"Chambers St (A,C)/WTC (E)/Park Pl (2,3)/Cortlandt (R,W)",,M,"66,165","67,906","70,356","72,396","71,970","20,193","-51,778",-71.9%,12
Christopher St-Sheridan Sq (1),,M,"9,898","9,792","9,570","9,675","10,089","3,067","-7,021",-69.6%,213
"City Hall (R,W)",,M,"6,310","6,766","7,731","6,657","6,050","1,874","-4,176",-69.0%,316
"Delancey St (F)/Essex St (J,M,Z)",,M,"24,902","25,625","24,993","24,562","26,685","10,038","-16,647",-62.4%,42
Dyckman St (1),,M,"7,233","7,297","7,231","7,002","6,624","3,326","-3,298",-49.8%,192
Dyckman St (A),,M,"6,831","6,874","6,739","6,477","6,874","2,854","-4,020",-58.5%,227
East Broadway (F),,M,"14,228","14,654","14,365","13,868","13,995","5,146","-8,849",-63.2%,118
Franklin St (1),,M,"5,825","5,984","5,809","5,943","5,370","1,676","-3,694",-68.8%,335
"Fulton St (A,C,J,Z,2,3,4,5)",,M,"74,676","85,440","91,771","92,990","94,607","29,602","-65,005",-68.7%,5
"Grand Central-42 St (S,4,5,6,7)",,M,"160,294","158,580","154,711","155,345","157,273","44,778","-112,495",-71.5%,2
"Grand St (B,D)",,M,"24,281","24,649","24,460","23,422","24,323","8,742","-15,581",-64.1%,51
Harlem-148 St (3),,M,"4,096","4,017","3,899","4,074","3,707","1,528","-2,179",-58.8%,349
Houston St (1),,M,"15,286","15,333","15,283","15,698","15,685","4,702","-10,983",-70.0%,129
Inwood-207 St (A),,M,"9,317","9,350","9,217","8,793","9,615","3,796","-5,819",-60.5%,175
"Lexington Av (N,R,W)/59 St (4,5,6)",,M,"68,988","67,684","58,467","55,608","54,907","20,228","-34,679",-63.2%,11
"Lexington Av-53 St (E,M)/51 St (6)",,M,"70,686","69,750","66,118","64,499","66,260","19,883","-46,377",-70.0%,14
"Lexington Av-63 St (F,Q)",,M,"16,098","16,988","20,893","21,394","21,574","7,968","-13,606",-63.1%,59
Marble Hill-225 St (1),,M,"5,732","5,636","5,473","5,433","5,075","2,401","-2,674",-52.7%,267
"Prince St (R,W)",,M,"15,597","15,424","14,400","14,408","12,827","3,501","-9,326",-72.7%,180
Rector St (1),,M,"10,625","9,788","9,453","9,005","8,471","2,311","-6,160",-72.7%,275
"Rector St (R,W)",,M,"6,157","6,524","7,092","7,185","6,926","2,036","-4,890",-70.6%,302
Roosevelt Island (F),,M,"6,197","6,630","7,354","7,153","7,489","2,771","-4,717",-63.0%,230
"South Ferry (1)/Whitehall St (R,W)",,M,"28,809","29,534","33,019","33,797","34,033","9,996","-24,037",-70.6%,43
Spring St (6),,M,"11,543","11,390","11,019","10,822","11,230","3,317","-7,913",-70.5%,194
"Spring St (C,E)",,M,"12,914","12,775","12,360","13,054","14,756","4,495","-10,261",-69.5%,137
"Times Sq-42 St (N,Q,R,W,S,1,2,3,7)/42 St (A,C,E)",,M,"206,247","202,363","203,545","204,017","205,159","64,301","-140,858",-68.7%,1
"Wall St (2,3)",,M,"27,242","27,291","26,022","23,968","24,618","6,950","-17,667",-71.8%,75
"Wall St (4,5)",,M,"23,595","22,211","20,420","19,745","19,994","6,000","-13,995",-70.0%,89
"West 4 St-Washington Sq (A,B,C,D,E,F,M)",,M,"42,760","42,755","41,835","40,666","41,938","13,278","-28,660",-68.3%,24
WTC Cortlandt (1),49,M,0,0,0,"3,558","13,871","3,687","-10,185",-73.4%,179
Queens,,,,,,,,,,,
103 St-Corona Plaza (7),,Q,"20,044","20,282","20,101","19,682","19,943","10,299","-9,644",-48.4%,37
104 St (A),49,Q,"1,890","2,189","1,900","1,841","1,823",817,"-1,006",-55.2%,407
"104 St (J,Z)",50,Q,"2,710","2,758","1,727","1,587","2,727","1,178","-1,549",-56.8%,382
111 St (7),,Q,"11,198","11,421","11,384","11,091","11,280","5,857","-5,423",-48.1%,92
111 St (A),51,Q,"2,727","1,947","2,571","2,596","2,620","1,152","-1,468",-56.0%,386
111 St (J),52,Q,"2,627","2,607","3,235","2,819","1,169",968,-201,-17.2%,399
"121 St (J,Z)",53,Q,"2,462","2,500","1,135","1,354","2,341","1,005","-1,336",-57.1%,396
169 St (F),,Q,"9,138","9,016","8,671","8,109","8,004","3,396","-4,609",-57.6%,187
21 St (G),,Q,"1,564","1,735","1,863","1,757","1,675",711,-964,-57.6%,410
21 St-Queensbridge (F),,Q,"9,447","9,779","10,209","10,840","11,184","4,372","-6,812",-60.9%,144
"30 Av (N,W)",54,Q,"14,771","14,739","11,381","8,286","17,906","5,579","-12,327",-68.8%,100
33 St-Rawson St (7),,Q,"13,604","13,302","12,429","11,029","10,574","3,433","-7,140",-67.5%,184
"36 Av (N,W)",55,Q,"7,447","7,347","5,525","5,073","6,602","2,672","-3,930",-59.5%,238
"36 St (M,R)",,Q,"4,733","4,776","4,786","5,177","4,725","1,619","-3,106",-65.7%,339
"39 Av-Dutch Kills (N,W)",56,Q,"3,391","3,207","3,267","2,356","2,555","1,230","-1,325",-51.8%,379
40 St-Lowery St (7),,Q,"11,053","11,089","10,624","9,954","10,028","3,960","-6,069",-60.5%,164
"46 St (M,R)",,Q,"9,439","9,362","9,049","8,752","8,556","3,376","-5,180",-60.5%,189
46 St-Bliss St (7),,Q,"14,413","14,335","13,614","12,828","12,702","5,521","-7,181",-56.5%,103
52 St (7),,Q,"6,888","6,795","6,495","6,001","6,079","2,661","-3,418",-56.2%,241
"63 Dr-Rego Park (M,R)",,Q,"16,770","16,868","16,323","15,574","15,567","6,330","-9,237",-59.3%,86
"65 St (M,R)",,Q,"3,762","3,747","3,621","3,601","3,554","1,480","-2,074",-58.3%,351
"67 Av (M,R)",,Q,"9,548","9,479","9,181","8,774","8,881","3,380","-5,501",-61.9%,188
69 St (7),,Q,"4,988","5,072","4,973","4,679","4,818","2,267","-2,552",-53.0%,281
"74-Broadway (7)/Jackson Hts-Roosevelt Av (E,F,M,R)",,Q,"51,925","52,296","52,018","51,766","52,159","22,913","-29,246",-56.1%,9
"75 Av (E,F)",,Q,"3,756","3,710","3,365","3,455","3,549","1,308","-2,241",-63.2%,372
"75 St-Elderts Ln (J,Z)",,Q,"3,837","3,837","3,641","3,464","3,573","1,661","-1,911",-53.5%,337
80 St (A),57,Q,"4,445","3,574","4,416","4,316","4,274","1,801","-2,473",-57.9%,324
82 St-Jackson Hts (7),,Q,"15,711","15,765","15,393","14,626","15,056","7,028","-8,028",-53.3%,71
85 St-Forest Pkwy (J),,Q,"3,947","3,968","3,923","3,699","3,669","1,747","-1,922",-52.4%,328
88 St (A),58,Q,"3,464","3,221","2,965","2,835","2,860","1,274","-1,586",-55.4%,376
90 St-Elmhurst Av (7),,Q,"16,814","16,957","16,848","16,253","16,365","8,217","-8,148",-49.8%,58
Aqueduct Racetrack (A),,Q,"1,711","1,739","1,672","1,901","1,594",448,"-1,146",-71.9%,417
Aqueduct-North Conduit Av (A),,Q,"1,181","1,125","1,031",921,893,359,-533,-59.7%,418
"Astoria Blvd (N,W)",59,Q,"12,344","12,358","13,103","14,425","2,410","3,324",914,37.9%,193
"Astoria-Ditmars Blvd (N,W)",,Q,"17,181","17,345","16,686","15,663","17,912","6,363","-11,549",-64.5%,85
"Beach 105 St (A,S)",,Q,305,289,278,261,243,103,-141,-57.8%,424
Beach 25 St (A),,Q,"1,861","1,968","1,925","1,792","1,720",832,-888,-51.6%,406
Beach 36 St (A),,Q,936,975,962,887,951,472,-479,-50.3%,416
Beach 44 St (A),,Q,624,676,690,693,699,347,-352,-50.3%,420
Beach 60 St (A),,Q,"2,501","2,507","2,319","2,013","2,008",980,"-1,029",-51.2%,397
Beach 67 St-Arverne By The Sea (A),,Q,"2,407","2,493","2,440","2,103","2,252","1,116","-1,136",-50.4%,389
"Beach 90 St (A,S)",,Q,946,939,"1,110","1,097",946,358,-588,-62.2%,419
"Beach 98 St (A,S)",,Q,608,579,531,481,478,189,-288,-60.4%,422
"Briarwood-Van Wyck Blvd (E,F)",,Q,"4,876","5,057","5,061","4,913","4,970","2,054","-2,916",-58.7%,300
"Broad Channel (A,S)",,Q,310,313,302,285,313,121,-192,-61.4%,423
"Broadway (N,W)",60,Q,"13,236","12,957","13,242","8,473","10,195","4,530","-5,665",-55.6%,134
"Court Sq (E,G,M,7)",,Q,"22,717","23,317","23,672","23,995","23,600","7,877","-15,723",-66.6%,61
"Elmhurst Av (M,R)",,Q,"13,588","13,508","12,967","12,463","12,362","5,460","-6,901",-55.8%,106
Far Rockaway-Mott Av (A),,Q,"4,989","5,009","4,738","4,435","4,388","2,280","-2,109",-48.0%,279
Flushing-Main St (7),,Q,"60,226","60,259","58,511","55,669","56,503","22,786","-33,716",-59.7%,10
Forest Av (M),61,Q,"4,386","4,429","2,819","3,124","4,235","1,980","-2,255",-53.2%,307
"Forest Hills-71 Av (E,F,M,R)",,Q,"28,209","28,135","27,760","26,613","26,477","10,122","-16,356",-61.8%,40
Fresh Pond Rd (M),62,Q,"6,002","6,130","4,223","4,716","5,882","2,753","-3,128",-53.2%,234
"Grand Av-Newtown (M,R)",,Q,"18,955","19,373","18,754","18,489","18,531","7,715","-10,816",-58.4%,64
Howard Beach-JFK Airport (A),,Q,"3,059","3,011","3,292","3,376","3,483",956,"-2,527",-72.5%,400
Hunters Point Av (7),,Q,"6,803","7,292","7,283","7,205","7,039","2,596","-4,442",-63.1%,248
"Jamaica Center-Parsons-Archer (E,J,Z)",,Q,"42,115","41,603","39,326","36,368","34,419","14,183","-20,236",-58.8%,20
Jamaica-179 St (F),,Q,"23,417","23,121","22,421","21,452","21,353","9,202","-12,152",-56.9%,48
Jamaica-Van Wyck (E),,Q,"5,092","5,022","4,972","4,717","4,561","2,663","-1,899",-41.6%,239
Junction Blvd (7),,Q,"21,557","22,051","21,751","21,100","21,149","11,044","-10,105",-47.8%,32
"Kew Gardens-Union Turnpike (E,F)",,Q,"27,558","27,085","26,493","25,536","25,235","10,123","-15,112",-59.9%,39
Mets-Willets Point (7),,Q,"5,244","5,367","5,028","4,606","4,973",922,"-4,051",-81.5%,402
Middle Village-Metropolitan Av (M),63,Q,"4,489","4,530","3,064","3,225","3,726","1,713","-2,013",-54.0%,332
"Northern Blvd (M,R)",,Q,"7,428","7,413","7,107","6,904","6,682","2,956","-3,726",-55.8%,220
Ozone Park-Lefferts Blvd (A),,Q,"7,732","8,023","7,722","7,591","7,434","3,397","-4,037",-54.3%,186
Parsons Blvd (F),,Q,"6,640","6,644","6,593","6,462","6,654","3,498","-3,156",-47.4%,181
"Queens Plaza (E,M,R)",,Q,"10,475","10,652","11,369","12,747","14,298","4,709","-9,589",-67.1%,127
"Queensboro Plaza (N,W,7)",,Q,"11,786","12,936","13,502","14,517","14,533","5,435","-9,098",-62.6%,107
Rockaway Blvd (A),64,Q,"5,690","7,683","7,786","7,534","7,450","3,365","-4,085",-54.8%,191
"Rockaway Park-Beach 116 St (A,S)",,Q,747,727,683,696,660,319,-341,-51.7%,421
Seneca Av (M),65,Q,"2,726","2,832","1,576","1,818","3,210","1,460","-1,751",-54.5%,355
"Steinway St (M,R)",,Q,"14,895","14,836","14,867","15,590","14,640","5,564","-9,076",-62.0%,101
Sutphin Blvd (F),,Q,"4,851","4,652","4,496","4,291","4,328","2,277","-2,051",-47.4%,280
"Sutphin Blvd-Archer Av-JFK Airport (E,J,Z)",,Q,"24,349","24,796","23,843","23,388","23,891","9,357","-14,533",-60.8%,46
Vernon Blvd-Jackson Av (7),,Q,"14,819","15,910","15,781","15,093","15,151","5,711","-9,439",-62.3%,97
"Woodhaven Blvd (J,Z)",,Q,"4,940","4,838","5,104","4,771","4,607","2,171","-2,437",-52.9%,291
"Woodhaven Blvd (M,R)",,Q,"22,220","22,483","21,879","20,704","20,340","8,389","-11,951",-58.8%,57
Woodside-61 St (7),,Q,"17,007","17,236","16,945","16,501","16,684","7,400","-9,284",-55.6%,69
,,,,,,,,,,,
Brooklyn,,,"1,227,391","1,226,715","1,213,998","1,188,606","1,190,461","484,848","-705,613",-59.3%,
Bronx,,,"488,379","490,877","481,267","451,214","448,301","209,435","-238,865",-53.3%,
Manhattan,,,"3,130,437","3,128,188","3,100,902","3,042,005","3,092,234","1,025,104","-2,067,130",-66.8%,
Queens,,,"804,251","809,903","784,312","755,778","762,880","321,193","-441,687",-57.9%,
Systemwide Adjustment,,,152,72,366,-17,,,0,,
Total,,,"5,650,610","5,655,755","5,580,845","5,437,586","5,493,875","2,040,580","-3,453,295",-62.9%,